PID,Understand,Layout,DataFeat,DataRead
P1,5.333333333,7.000000000,5.000000000,6.67
P2,5.666666667,5.000000000,3.000000000,6.67
P3,2.000000000,3.000000000,3.500000000,4.00
P4,7.000000000,2.000000000,6.500000000,6.67