PID,Understand,Layout,DataFeat,DataRead,Visualization
1,5.333333333,7.000000000,5.000000000,6.67,Heatmaps
2,5.666666667,5.000000000,3.000000000,6.67,Heatmaps
3,2.000000000,3.000000000,3.500000000,4.00,Heatmaps
4,7.000000000,2.000000000,6.500000000,6.67,Heatmaps
1,6.666666667,7.000000000,5.000000000,6.33,Line Charts
2,6.000000000,7.000000000,7.000000000,7.00,Line Charts
3,5.666666667,6.000000000,5.500000000,5.67,Line Charts
4,5.333333333,6.666666667,6.000000000,6.33,Line Charts