PID,Understand,Layout,DataFeat,DataRead
P1,6.666666667,7.000000000,5.000000000,6.33
P2,6.000000000,7.000000000,7.000000000,7.00
P3,5.666666667,6.000000000,5.500000000,5.67
P4,5.333333333,6.666666667,6.000000000,6.33
